{"all_predicates":{"B-HARM":false,"B-INCONCLUSIVE":true,"B-INTERACTION":false,"B-NOTATION":true,"B-NULL":false,"B-SCAFFOLD":false},"banked_branch":"B-NOTATION","bootstrap_iterations":800,"bootstrap_seed":1729,"bootstrap_unit":"item clustered within frozen family; all subject and arm observations retained","branch_precedence":["B-HARM","B-INTERACTION","B-NOTATION","B-SCAFFOLD","B-NULL","B-INCONCLUSIVE"],"claim_ceiling":"synthetic branch fixture only; no pilot verdict and no efficacy evidence","claim_surface":"Frozen pilot-scale first-pass emission for the sampled item bank, subject releases, routes, settings, and run window; no inference to hidden reasoning; no inference to enforcement efficacy; no inference to production custody, global independence, or totality.","estimates":{"D_N":{"estimate":-0.19999999999999973,"interval_95":{"high":-0.19999999999999973,"low":-0.19999999999999973},"paired_cells":72,"sign_counts":{"negative":72,"positive":0,"zero":0}},"D_P":{"estimate":-0.04999999999999995,"interval_95":{"high":-0.04999999999999995,"low":-0.04999999999999995},"paired_cells":72,"sign_counts":{"negative":72,"positive":0,"zero":0}},"D_S":{"estimate":-0.04999999999999993,"interval_95":{"high":-0.04999999999999993,"low":-0.04999999999999993},"paired_cells":72,"sign_counts":{"negative":72,"positive":0,"zero":0}}},"family_estimates":{"bounded-support":{"D_N":{"estimate":-0.20000000000000007,"interval_95":{"high":-0.20000000000000007,"low":-0.20000000000000007}},"D_P":{"estimate":-0.050000000000000044,"interval_95":{"high":-0.050000000000000044,"low":-0.050000000000000044}},"D_S":{"estimate":-0.05000000000000001,"interval_95":{"high":-0.05000000000000001,"low":-0.05000000000000001}}},"conflict-and-residue":{"D_N":{"estimate":-0.20000000000000007,"interval_95":{"high":-0.20000000000000007,"low":-0.20000000000000007}},"D_P":{"estimate":-0.050000000000000044,"interval_95":{"high":-0.050000000000000044,"low":-0.050000000000000044}},"D_S":{"estimate":-0.05000000000000001,"interval_95":{"high":-0.05000000000000001,"low":-0.05000000000000001}}},"notation-neutral-transfer":{"D_N":{"estimate":-0.20000000000000007,"interval_95":{"high":-0.20000000000000007,"low":-0.20000000000000007}},"D_P":{"estimate":-0.050000000000000044,"interval_95":{"high":-0.050000000000000044,"low":-0.050000000000000044}},"D_S":{"estimate":-0.05000000000000001,"interval_95":{"high":-0.05000000000000001,"low":-0.05000000000000001}}},"scope-and-version":{"D_N":{"estimate":-0.20000000000000007,"interval_95":{"high":-0.20000000000000007,"low":-0.20000000000000007}},"D_P":{"estimate":-0.050000000000000044,"interval_95":{"high":-0.050000000000000044,"low":-0.050000000000000044}},"D_S":{"estimate":-0.05000000000000001,"interval_95":{"high":-0.05000000000000001,"low":-0.05000000000000001}}}},"fixed_denominator":true,"fixed_subject_strata":true,"gates":{"analysis_admissible":true,"anti_taxidermy_harm":false,"manipulation_checks_pass":true,"owner_anti_taxidermy_thresholds_resolved":false},"margins":{"delta":0.1,"epsilon":0.05,"family_interaction":0.15,"harm":0.1},"pilot_scale_only":true,"primary_estimand":"unweighted mean of paired per-call burden differences across item-by-fixed-subject cells","receipt_sha256":"62a28e68fe5d008f0a563680d8d1669bce94414e29e3efab9aae13525652f3e1","schema_version":"lae-analysis/0.2","secondary_opportunity_weighted":{"D_N":{"difference":-0.19999999999999998,"label":"secondary","left_denominator":7200,"left_numerator":720,"right_denominator":7200,"right_numerator":2160},"D_P":{"difference":-0.050000000000000044,"label":"secondary","left_denominator":7200,"left_numerator":2520,"right_denominator":7200,"right_numerator":2880},"D_S":{"difference":-0.04999999999999999,"label":"secondary","left_denominator":7200,"left_numerator":2160,"right_denominator":7200,"right_numerator":2520}},"synthetic_only":true}
